timestamp,open,high,low,close,volume
03.03.2026 00:00:00.000 UTC,5345.755,5346.285,5336.565,5341.635,0.08076
03.03.2026 00:05:00.000 UTC,5341.745,5345.585,5340.225,5342.535,0.04629
03.03.2026 00:10:00.000 UTC,5342.705,5349.385,5341.935,5348.125,0.04837
03.03.2026 00:15:00.000 UTC,5348.165,5358.595,5347.825,5355.665,0.13704
03.03.2026 00:20:00.000 UTC,5355.705,5357.685,5351.655,5356.495,0.07254
03.03.2026 00:25:00.000 UTC,5356.355,5357.795,5353.875,5357.595,0.06597
03.03.2026 00:30:00.000 UTC,5357.615,5361.788,5354.845,5355.865,0.10134
03.03.2026 00:35:00.000 UTC,5355.805,5355.835,5347.825,5351.045,0.08041
03.03.2026 00:40:00.000 UTC,5351.065,5357.375,5350.195,5354.725,0.05833
03.03.2026 00:45:00.000 UTC,5355.205,5359.245,5348.175,5353.195,0.09648
03.03.2026 00:50:00.000 UTC,5353.145,5354.915,5346.075,5349.775,0.0785
03.03.2026 00:55:00.000 UTC,5349.635,5353.025,5348.605,5349.905,0.07017
03.03.2026 01:00:00.000 UTC,5349.925,5363.345,5346.855,5362.575,0.23486
03.03.2026 01:05:00.000 UTC,5362.595,5371.855,5361.648,5368.015,0.224423
03.03.2026 01:10:00.000 UTC,5368.045,5369.555,5361.645,5367.945,0.1608
03.03.2026 01:15:00.000 UTC,5367.785,5373.035,5365.535,5371.385,0.21588
03.03.2026 01:20:00.000 UTC,5371.335,5379.635,5370.565,5377.875,0.1693
03.03.2026 01:25:00.000 UTC,5377.955,5379.755,5374.285,5376.775,0.1146
03.03.2026 01:30:00.000 UTC,5376.805,5377.985,5369.815,5375.305,0.14845
03.03.2026 01:35:00.000 UTC,5375.285,5377.105,5367.685,5372.885,0.16323
03.03.2026 01:40:00.000 UTC,5372.825,5373.555,5363.955,5363.985,0.16
03.03.2026 01:45:00.000 UTC,5362.598,5364.985,5343.865,5351.845,0.25269
03.03.2026 01:50:00.000 UTC,5351.865,5362.195,5350.175,5352.675,0.23236
03.03.2026 01:55:00.000 UTC,5352.805,5352.805,5337.685,5338.755,0.31946
03.03.2026 02:00:00.000 UTC,5339.175,5349.175,5332.525,5347.575,0.2972
03.03.2026 02:05:00.000 UTC,5347.675,5356.845,5340.785,5351.425,0.30669
03.03.2026 02:10:00.000 UTC,5351.425,5352.285,5342.945,5349.735,0.25195
03.03.2026 02:15:00.000 UTC,5349.745,5354.355,5343.835,5348.855,0.19353
03.03.2026 02:20:00.000 UTC,5348.835,5355.425,5348.085,5353.745,0.15219
03.03.2026 02:25:00.000 UTC,5354.255,5359.465,5351.335,5358.625,0.12966
03.03.2026 02:30:00.000 UTC,5358.685,5364.935,5355.585,5358.745,0.18075
03.03.2026 02:35:00.000 UTC,5358.715,5363.925,5355.385,5358.285,0.16458
03.03.2026 02:40:00.000 UTC,5358.305,5362.445,5355.045,5360.635,0.14328
03.03.2026 02:45:00.000 UTC,5360.655,5367.195,5359.235,5363.618,0.14737
03.03.2026 02:50:00.000 UTC,5363.515,5365.085,5358.575,5363.595,0.29165
03.03.2026 02:55:00.000 UTC,5363.755,5367.695,5363.755,5366.625,0.11863
03.03.2026 03:00:00.000 UTC,5366.645,5371.365,5366.165,5368.685,0.13907
03.03.2026 03:05:00.000 UTC,5368.715,5370.925,5367.415,5370.025,0.11263
03.03.2026 03:10:00.000 UTC,5370.085,5371.005,5364.645,5366.345,0.13891
03.03.2026 03:15:00.000 UTC,5366.525,5369.295,5363.335,5366.735,0.14868
03.03.2026 03:20:00.000 UTC,5366.748,5373.185,5365.605,5371.105,0.13507
03.03.2026 03:25:00.000 UTC,5371.075,5371.595,5365.798,5367.095,0.22387
03.03.2026 03:30:00.000 UTC,5367.115,5369.295,5365.645,5368.545,0.07254
03.03.2026 03:35:00.000 UTC,5368.575,5368.765,5365.418,5366.205,0.10715
03.03.2026 03:40:00.000 UTC,5366.175,5370.415,5364.975,5368.835,0.09478
03.03.2026 03:45:00.000 UTC,5368.975,5369.585,5364.005,5366.835,0.0568
03.03.2026 03:50:00.000 UTC,5366.605,5367.445,5358.598,5362.245,0.08743
03.03.2026 03:55:00.000 UTC,5362.665,5367.315,5361.515,5367.115,0.07219
03.03.2026 04:00:00.000 UTC,5367.055,5367.595,5361.475,5364.465,0.05703
03.03.2026 04:05:00.000 UTC,5364.485,5366.345,5362.215,5364.635,0.0574
03.03.2026 04:10:00.000 UTC,5364.195,5364.205,5359.115,5361.395,0.05583
03.03.2026 04:15:00.000 UTC,5361.445,5366.845,5359.415,5366.845,0.0759
03.03.2026 04:20:00.000 UTC,5366.825,5371.905,5366.825,5369.305,0.07428
03.03.2026 04:25:00.000 UTC,5369.325,5375.255,5369.325,5371.585,0.07551
03.03.2026 04:30:00.000 UTC,5371.615,5375.075,5370.845,5371.455,0.08069
03.03.2026 04:35:00.000 UTC,5371.475,5371.995,5366.995,5368.195,0.05257
03.03.2026 04:40:00.000 UTC,5368.625,5371.805,5368.195,5369.225,0.05329
03.03.2026 04:45:00.000 UTC,5369.205,5369.655,5363.135,5363.705,0.07604
03.03.2026 04:50:00.000 UTC,5363.735,5366.815,5361.895,5364.175,0.08375
03.03.2026 04:55:00.000 UTC,5364.205,5367.425,5360.555,5360.855,0.08843
03.03.2026 05:00:00.000 UTC,5360.835,5365.955,5354.419,5361.625,0.12996
03.03.2026 05:05:00.000 UTC,5361.645,5365.655,5358.648,5365.655,0.13385
03.03.2026 05:10:00.000 UTC,5365.655,5366.615,5360.698,5361.698,0.22322
03.03.2026 05:15:00.000 UTC,5361.698,5363.645,5352.545,5358.795,0.14694
03.03.2026 05:20:00.000 UTC,5358.795,5360.125,5355.615,5358.435,0.0738
03.03.2026 05:25:00.000 UTC,5358.455,5361.595,5357.475,5358.585,0.06015
03.03.2026 05:30:00.000 UTC,5358.565,5359.085,5341.945,5348.185,0.22589
03.03.2026 05:35:00.000 UTC,5347.975,5348.155,5334.185,5337.795,0.20858
03.03.2026 05:40:00.000 UTC,5336.815,5346.235,5334.115,5344.975,0.18429
03.03.2026 05:45:00.000 UTC,5345.075,5346.525,5322.295,5325.865,0.23271
03.03.2026 05:50:00.000 UTC,5325.855,5329.015,5307.775,5316.705,0.29943
03.03.2026 05:55:00.000 UTC,5316.725,5320.075,5304.465,5318.795,0.28464
03.03.2026 06:00:00.000 UTC,5318.735,5322.675,5313.615,5316.085,0.18447
03.03.2026 06:05:00.000 UTC,5316.115,5322.165,5302.795,5308.935,0.23976
03.03.2026 06:10:00.000 UTC,5308.975,5313.855,5278.598,5289.145,0.32141
03.03.2026 06:15:00.000 UTC,5289.115,5304.815,5287.725,5302.285,0.26349
03.03.2026 06:20:00.000 UTC,5302.255,5314.815,5302.225,5307.715,0.20379
03.03.2026 06:25:00.000 UTC,5307.685,5319.245,5306.258,5316.385,0.19504
03.03.2026 06:30:00.000 UTC,5316.265,5318.905,5312.575,5313.635,0.18316
03.03.2026 06:35:00.000 UTC,5313.655,5315.295,5295.495,5306.595,0.25333
03.03.2026 06:40:00.000 UTC,5307.545,5314.845,5307.105,5309.795,0.19181
03.03.2026 06:45:00.000 UTC,5309.865,5314.508,5302.655,5303.625,0.33228
03.03.2026 06:50:00.000 UTC,5303.625,5306.475,5290.515,5302.555,0.23334
03.03.2026 06:55:00.000 UTC,5302.275,5312.345,5301.345,5310.315,0.13521
03.03.2026 07:00:00.000 UTC,5309.998,5315.555,5305.705,5313.645,0.1332
03.03.2026 07:05:00.000 UTC,5313.595,5318.125,5312.575,5313.225,0.10524
03.03.2026 07:10:00.000 UTC,5313.255,5315.385,5308.955,5314.665,0.09917
03.03.2026 07:15:00.000 UTC,5314.665,5319.895,5310.105,5316.795,0.10596
03.03.2026 07:20:00.000 UTC,5316.825,5317.805,5311.015,5312.425,0.11532
03.03.2026 07:25:00.000 UTC,5312.455,5318.226,5311.165,5313.205,0.10068
03.03.2026 07:30:00.000 UTC,5313.425,5320.415,5313.355,5320.375,0.1119
03.03.2026 07:35:00.000 UTC,5320.428,5325.715,5315.415,5325.105,0.11832
03.03.2026 07:40:00.000 UTC,5325.175,5328.045,5320.695,5326.185,0.15849
03.03.2026 07:45:00.000 UTC,5326.215,5328.995,5323.315,5324.235,0.10784
03.03.2026 07:50:00.000 UTC,5324.125,5330.845,5324.125,5329.215,0.1272
03.03.2026 07:55:00.000 UTC,5329.255,5330.855,5324.415,5327.435,0.12708
03.03.2026 08:00:00.000 UTC,5327.395,5332.965,5324.915,5331.935,0.16608
03.03.2026 08:05:00.000 UTC,5331.975,5335.735,5324.115,5325.895,0.17517
03.03.2026 08:10:00.000 UTC,5325.875,5326.958,5319.625,5319.625,0.16161
03.03.2026 08:15:00.000 UTC,5320.231,5327.455,5317.005,5327.395,0.13964
03.03.2026 08:20:00.000 UTC,5327.435,5328.425,5312.975,5315.815,0.13641
03.03.2026 08:25:00.000 UTC,5315.795,5319.215,5310.685,5311.705,0.16729
03.03.2026 08:30:00.000 UTC,5312.015,5313.085,5301.455,5303.335,0.17707
03.03.2026 08:35:00.000 UTC,5303.355,5311.725,5299.285,5299.755,0.15954
03.03.2026 08:40:00.000 UTC,5299.725,5307.825,5295.665,5304.815,0.19646
03.03.2026 08:45:00.000 UTC,5304.785,5310.735,5304.625,5310.045,0.15069
03.03.2026 08:50:00.000 UTC,5309.745,5311.185,5299.775,5302.155,0.19437
03.03.2026 08:55:00.000 UTC,5302.048,5302.115,5289.835,5295.445,0.26949
03.03.2026 09:00:00.000 UTC,5295.235,5303.645,5289.115,5289.155,0.31711
03.03.2026 09:05:00.000 UTC,5289.105,5297.285,5284.375,5295.225,0.26894
03.03.2026 09:10:00.000 UTC,5295.095,5303.255,5293.395,5295.995,0.28875
03.03.2026 09:15:00.000 UTC,5296.035,5302.275,5292.305,5294.815,0.21616
03.03.2026 09:20:00.000 UTC,5295.035,5299.565,5280.685,5285.095,0.2015
03.03.2026 09:25:00.000 UTC,5285.065,5285.375,5225.718,5241.765,0.39496
03.03.2026 09:30:00.000 UTC,5241.955,5269.975,5240.115,5266.305,0.31053
03.03.2026 09:35:00.000 UTC,5266.305,5270.425,5262.475,5265.765,0.20574
03.03.2026 09:40:00.000 UTC,5265.685,5269.365,5258.975,5263.575,0.25999
03.03.2026 09:45:00.000 UTC,5263.655,5270.728,5259.485,5263.455,0.23536
03.03.2026 09:50:00.000 UTC,5263.498,5279.385,5262.215,5278.525,0.20995
03.03.2026 09:55:00.000 UTC,5278.505,5280.565,5268.315,5274.795,0.15574
03.03.2026 10:00:00.000 UTC,5274.775,5287.555,5268.035,5283.185,0.21003
03.03.2026 10:05:00.000 UTC,5283.145,5285.708,5269.305,5275.045,0.20191
03.03.2026 10:10:00.000 UTC,5275.065,5280.135,5271.415,5272.565,0.16036
03.03.2026 10:15:00.000 UTC,5272.585,5274.235,5265.585,5269.235,0.17841
03.03.2026 10:20:00.000 UTC,5269.215,5276.685,5268.405,5275.345,0.14779
03.03.2026 10:25:00.000 UTC,5275.485,5281.005,5271.155,5276.515,0.14242
03.03.2026 10:30:00.000 UTC,5276.418,5276.655,5265.105,5268.635,0.19557
03.03.2026 10:35:00.000 UTC,5268.655,5271.385,5247.435,5252.345,0.20255
03.03.2026 10:40:00.000 UTC,5252.535,5267.815,5252.535,5260.465,0.21394
03.03.2026 10:45:00.000 UTC,5260.505,5260.575,5246.495,5248.955,0.19807
03.03.2026 10:50:00.000 UTC,5249.285,5255.995,5239.775,5244.715,0.25176
03.03.2026 10:55:00.000 UTC,5244.715,5254.725,5237.415,5247.735,0.29595
03.03.2026 11:00:00.000 UTC,5247.695,5263.625,5244.605,5250.135,0.40136
03.03.2026 11:05:00.000 UTC,5250.135,5251.625,5159.175,5170.305,0.41998
03.03.2026 11:10:00.000 UTC,5170.485,5209.838,5160.085,5197.558,0.42481
03.03.2026 11:15:00.000 UTC,5197.355,5204.185,5175.088,5203.375,0.3572
03.03.2026 11:20:00.000 UTC,5203.875,5209.145,5184.605,5187.025,0.36727
03.03.2026 11:25:00.000 UTC,5187.095,5192.835,5110.818,5125.895,0.86522
03.03.2026 11:30:00.000 UTC,5125.698,5139.175,5071.645,5116.165,0.51684
03.03.2026 11:35:00.000 UTC,5115.905,5142.165,5110.178,5132.518,0.50432
03.03.2026 11:40:00.000 UTC,5132.398,5134.765,5103.595,5123.895,0.46927
03.03.2026 11:45:00.000 UTC,5123.498,5149.175,5122.575,5142.385,0.41328
03.03.2026 11:50:00.000 UTC,5142.098,5152.185,5136.635,5152.185,0.3917
03.03.2026 11:55:00.000 UTC,5152.145,5157.185,5140.008,5144.318,0.3773
03.03.2026 12:00:00.000 UTC,5144.485,5154.796,5137.805,5153.855,0.32749
03.03.2026 12:05:00.000 UTC,5153.915,5179.115,5153.735,5177.456,0.34922
03.03.2026 12:10:00.000 UTC,5176.785,5192.545,5176.785,5192.125,0.40168
03.03.2026 12:15:00.000 UTC,5192.435,5194.408,5180.765,5191.045,0.35506
03.03.2026 12:20:00.000 UTC,5191.085,5198.225,5181.685,5198.145,0.27666
03.03.2026 12:25:00.000 UTC,5198.515,5208.735,5192.175,5203.855,0.33887
03.03.2026 12:30:00.000 UTC,5203.775,5211.895,5188.345,5199.015,0.32476
03.03.2026 12:35:00.000 UTC,5198.995,5207.495,5193.235,5205.835,0.19484
03.03.2026 12:40:00.000 UTC,5205.775,5211.375,5200.875,5202.575,0.1961
03.03.2026 12:45:00.000 UTC,5202.575,5205.275,5197.155,5202.095,0.18579
03.03.2026 12:50:00.000 UTC,5202.055,5209.535,5195.945,5208.695,0.18868
03.03.2026 12:55:00.000 UTC,5208.288,5226.505,5208.288,5224.065,0.24067
03.03.2026 13:00:00.000 UTC,5224.045,5224.075,5174.365,5174.498,0.67438
03.03.2026 13:05:00.000 UTC,5174.498,5182.498,5147.518,5151.768,0.581411
03.03.2026 13:10:00.000 UTC,5151.875,5176.115,5145.775,5163.665,0.51704
03.03.2026 13:15:00.000 UTC,5162.949,5175.935,5159.235,5174.218,0.38527
03.03.2026 13:20:00.000 UTC,5174.435,5184.038,5158.708,5170.879,0.56392
03.03.2026 13:25:00.000 UTC,5170.819,5180.185,5164.695,5177.365,0.34133
03.03.2026 13:30:00.000 UTC,5176.909,5185.685,5169.125,5178.718,0.33611
03.03.2026 13:35:00.000 UTC,5178.718,5179.315,5155.255,5158.065,0.29991
03.03.2026 13:40:00.000 UTC,5158.085,5159.795,5147.225,5155.975,0.33823
03.03.2026 13:45:00.000 UTC,5156.075,5156.075,5127.075,5151.425,0.32216
03.03.2026 13:50:00.000 UTC,5150.958,5152.135,5132.765,5142.245,0.33809
03.03.2026 13:55:00.000 UTC,5141.685,5158.975,5140.275,5156.445,0.31125
03.03.2026 14:00:00.000 UTC,5156.405,5167.405,5149.825,5158.875,0.36746
03.03.2026 14:05:00.000 UTC,5159.095,5175.118,5157.095,5166.345,0.33142
03.03.2026 14:10:00.000 UTC,5166.765,5172.578,5163.505,5164.655,0.292
03.03.2026 14:15:00.000 UTC,5164.595,5166.175,5140.575,5140.725,0.34233
03.03.2026 14:20:00.000 UTC,5140.765,5143.585,5124.885,5124.985,0.31377
03.03.2026 14:25:00.000 UTC,5125.065,5147.395,5124.755,5145.685,0.24876
03.03.2026 14:30:00.000 UTC,5145.635,5145.635,5113.665,5120.045,0.47733
03.03.2026 14:35:00.000 UTC,5120.145,5133.305,5102.035,5124.595,0.45329
03.03.2026 14:40:00.000 UTC,5124.575,5125.905,5061.515,5070.875,0.83674
03.03.2026 14:45:00.000 UTC,5070.935,5075.745,5050.645,5056.445,0.62697
03.03.2026 14:50:00.000 UTC,5056.445,5058.055,5015.725,5047.658,0.4594
03.03.2026 14:55:00.000 UTC,5047.265,5062.855,5034.655,5037.825,0.49566
03.03.2026 15:00:00.000 UTC,5038.195,5069.385,5030.508,5032.245,0.601596
03.03.2026 15:05:00.000 UTC,5032.295,5063.965,5025.205,5045.148,0.51105
03.03.2026 15:10:00.000 UTC,5045.445,5052.948,5024.895,5039.205,0.52083
03.03.2026 15:15:00.000 UTC,5039.375,5044.775,4995.475,5024.835,0.50881
03.03.2026 15:20:00.000 UTC,5023.775,5045.975,5018.815,5039.425,0.46478
03.03.2026 15:25:00.000 UTC,5039.465,5052.715,5037.015,5043.485,0.48685
03.03.2026 15:30:00.000 UTC,5043.505,5061.645,5036.735,5056.895,0.46658
03.03.2026 15:35:00.000 UTC,5056.925,5069.375,5050.615,5067.125,0.41318
03.03.2026 15:40:00.000 UTC,5067.065,5069.765,5055.415,5061.335,0.43362
03.03.2026 15:45:00.000 UTC,5061.335,5076.535,5053.775,5072.798,0.42071
03.03.2026 15:50:00.000 UTC,5072.428,5085.168,5061.585,5080.605,0.42378
03.03.2026 15:55:00.000 UTC,5079.425,5096.548,5075.235,5095.098,0.43652
03.03.2026 16:00:00.000 UTC,5094.998,5110.205,5090.175,5108.035,0.41555
03.03.2026 16:05:00.000 UTC,5108.075,5122.235,5107.035,5112.005,0.40268
03.03.2026 16:10:00.000 UTC,5112.305,5114.648,5099.955,5107.685,0.38112
03.03.2026 16:15:00.000 UTC,5107.665,5113.475,5099.508,5106.655,0.36835
03.03.2026 16:20:00.000 UTC,5106.685,5125.645,5104.045,5120.935,0.36999
03.03.2026 16:25:00.000 UTC,5120.885,5125.295,5112.235,5112.235,0.37197
03.03.2026 16:30:00.000 UTC,5112.285,5116.848,5107.125,5111.768,0.39143
03.03.2026 16:35:00.000 UTC,5110.965,5134.358,5110.635,5123.285,0.4637
03.03.2026 16:40:00.000 UTC,5123.225,5125.835,5106.485,5110.845,0.39307
03.03.2026 16:45:00.000 UTC,5110.895,5115.395,5099.985,5109.585,0.39166
03.03.2026 16:50:00.000 UTC,5109.935,5113.365,5101.648,5110.565,0.35926
03.03.2026 16:55:00.000 UTC,5110.605,5111.095,5097.838,5106.365,0.35969
03.03.2026 17:00:00.000 UTC,5106.788,5106.788,5081.435,5086.428,0.41311
03.03.2026 17:05:00.000 UTC,5086.428,5093.515,5080.648,5092.015,0.35343
03.03.2026 17:10:00.000 UTC,5091.865,5098.798,5087.675,5097.805,0.33395
03.03.2026 17:15:00.000 UTC,5097.845,5109.548,5097.158,5105.805,0.31239
03.03.2026 17:20:00.000 UTC,5105.805,5107.175,5092.845,5095.585,0.27673
03.03.2026 17:25:00.000 UTC,5095.585,5097.705,5081.208,5082.875,0.29923
03.03.2026 17:30:00.000 UTC,5082.625,5085.525,5071.118,5074.505,0.35372
03.03.2026 17:35:00.000 UTC,5074.515,5077.815,5065.045,5075.025,0.33441
03.03.2026 17:40:00.000 UTC,5074.455,5085.495,5071.305,5078.555,0.33122
03.03.2026 17:45:00.000 UTC,5078.515,5084.315,5076.965,5081.885,0.26242
03.03.2026 17:50:00.000 UTC,5081.855,5081.855,5068.145,5072.995,0.24691
03.03.2026 17:55:00.000 UTC,5072.915,5082.005,5067.345,5078.975,0.29649
03.03.2026 18:00:00.000 UTC,5079.085,5094.188,5078.865,5091.835,0.3044
03.03.2026 18:05:00.000 UTC,5091.795,5101.535,5090.285,5098.155,0.25713
03.03.2026 18:10:00.000 UTC,5098.175,5103.665,5095.825,5103.155,0.25742
03.03.2026 18:15:00.000 UTC,5103.275,5104.895,5096.945,5099.825,0.22108
03.03.2026 18:20:00.000 UTC,5099.505,5100.745,5093.298,5097.725,0.26506
03.03.2026 18:25:00.000 UTC,5097.695,5116.765,5097.235,5111.878,0.32303
03.03.2026 18:30:00.000 UTC,5111.675,5118.218,5106.715,5115.815,0.27805
03.03.2026 18:35:00.000 UTC,5115.995,5132.985,5112.375,5132.585,0.28536
03.03.2026 18:40:00.000 UTC,5132.588,5136.865,5129.675,5133.045,0.26856
03.03.2026 18:45:00.000 UTC,5133.265,5135.855,5126.595,5133.065,0.22038
03.03.2026 18:50:00.000 UTC,5133.165,5138.088,5131.945,5136.515,0.20226
03.03.2026 18:55:00.000 UTC,5136.355,5137.795,5130.635,5135.775,0.23808
03.03.2026 19:00:00.000 UTC,5135.795,5148.645,5133.955,5139.695,0.25726
03.03.2026 19:05:00.000 UTC,5140.065,5141.785,5127.125,5127.565,0.27651
03.03.2026 19:10:00.000 UTC,5127.545,5127.848,5109.655,5111.795,0.28584
03.03.2026 19:15:00.000 UTC,5111.995,5120.795,5101.635,5113.645,0.2626
03.03.2026 19:20:00.000 UTC,5113.725,5120.955,5112.025,5116.675,0.17137
03.03.2026 19:25:00.000 UTC,5116.645,5116.745,5102.245,5106.395,0.21354
03.03.2026 19:30:00.000 UTC,5106.595,5112.385,5100.025,5101.675,0.20118
03.03.2026 19:35:00.000 UTC,5101.625,5114.035,5099.088,5111.135,0.29772
03.03.2026 19:40:00.000 UTC,5111.255,5118.695,5107.995,5118.645,0.28704
03.03.2026 19:45:00.000 UTC,5118.665,5128.165,5116.615,5123.015,0.26804
03.03.2026 19:50:00.000 UTC,5123.035,5125.675,5112.925,5120.335,0.29108
03.03.2026 19:55:00.000 UTC,5120.365,5120.815,5106.895,5112.985,0.29337
03.03.2026 20:00:00.000 UTC,5113.485,5126.625,5113.275,5116.025,0.40915
03.03.2026 20:05:00.000 UTC,5116.145,5119.855,5111.775,5114.165,0.29093
03.03.2026 20:10:00.000 UTC,5114.765,5122.945,5114.705,5118.765,0.26264
03.03.2026 20:15:00.000 UTC,5118.765,5121.235,5113.785,5115.265,0.28052
03.03.2026 20:20:00.000 UTC,5115.385,5130.085,5115.385,5129.205,0.27756
03.03.2026 20:25:00.000 UTC,5129.385,5129.985,5122.098,5122.618,0.2312
03.03.2026 20:30:00.000 UTC,5122.335,5126.005,5110.385,5115.125,0.25697
03.03.2026 20:35:00.000 UTC,5115.325,5121.735,5107.165,5109.355,0.24348
03.03.2026 20:40:00.000 UTC,5109.885,5112.865,5102.145,5111.305,0.27882
03.03.2026 20:45:00.000 UTC,5111.335,5113.035,5100.385,5104.415,0.26079
03.03.2026 20:50:00.000 UTC,5104.365,5105.935,5085.635,5095.385,0.35562
03.03.2026 20:55:00.000 UTC,5095.099,5101.985,5093.935,5096.985,0.39632
03.03.2026 21:00:00.000 UTC,5097.035,5106.645,5093.915,5104.965,0.13542
03.03.2026 21:05:00.000 UTC,5104.825,5110.125,5100.745,5101.115,0.09416
03.03.2026 21:10:00.000 UTC,5101.355,5104.525,5097.725,5098.505,0.099
03.03.2026 21:15:00.000 UTC,5098.475,5100.695,5089.335,5093.845,0.1126
03.03.2026 21:20:00.000 UTC,5093.875,5099.335,5093.875,5099.295,0.07315
03.03.2026 21:25:00.000 UTC,5099.275,5101.005,5089.185,5089.275,0.09277
03.03.2026 21:30:00.000 UTC,5089.275,5092.325,5083.625,5092.265,0.08596
03.03.2026 21:35:00.000 UTC,5092.315,5094.095,5085.435,5089.175,0.06178
03.03.2026 21:40:00.000 UTC,5089.155,5096.095,5087.905,5091.585,0.07215
03.03.2026 21:45:00.000 UTC,5091.625,5093.445,5084.085,5086.965,0.14126
03.03.2026 21:50:00.000 UTC,5086.995,5090.845,5082.955,5087.735,0.12487
03.03.2026 21:55:00.000 UTC,5087.815,5093.225,5084.865,5084.865,0.10216
03.03.2026 23:00:00.000 UTC,5099.298,5112.548,5086.868,5110.498,0.11441
03.03.2026 23:05:00.000 UTC,5110.498,5115.348,5103.298,5104.648,0.11071
03.03.2026 23:10:00.000 UTC,5105.288,5117.705,5105.288,5116.805,0.09384
03.03.2026 23:15:00.000 UTC,5116.575,5127.815,5116.205,5121.195,0.14874
03.03.2026 23:20:00.000 UTC,5121.325,5127.035,5118.215,5123.775,0.10848
03.03.2026 23:25:00.000 UTC,5123.615,5126.225,5119.635,5125.755,0.08556
03.03.2026 23:30:00.000 UTC,5125.915,5127.215,5121.225,5126.525,0.11907
03.03.2026 23:35:00.000 UTC,5126.385,5128.035,5116.815,5117.505,0.06996
03.03.2026 23:40:00.000 UTC,5117.395,5125.505,5116.445,5125.255,0.07779
03.03.2026 23:45:00.000 UTC,5125.285,5129.545,5124.248,5126.165,0.08857
03.03.2026 23:50:00.000 UTC,5126.115,5126.335,5119.765,5124.145,0.08079
03.03.2026 23:55:00.000 UTC,5124.105,5127.248,5122.275,5125.035,0.07491
04.03.2026 00:00:00.000 UTC,5125.015,5126.005,5105.348,5114.305,0.18695
04.03.2026 00:05:00.000 UTC,5114.315,5116.245,5106.765,5116.195,0.17974
04.03.2026 00:10:00.000 UTC,5116.155,5120.185,5112.125,5115.695,0.13332
04.03.2026 00:15:00.000 UTC,5115.695,5126.815,5112.608,5125.735,0.14409
04.03.2026 00:20:00.000 UTC,5125.725,5128.615,5114.838,5118.985,0.14935
04.03.2026 00:25:00.000 UTC,5119.005,5127.395,5116.305,5124.835,0.09984
04.03.2026 00:30:00.000 UTC,5124.875,5129.955,5122.945,5124.485,0.10074
04.03.2026 00:35:00.000 UTC,5123.495,5126.275,5122.175,5123.425,0.08424
04.03.2026 00:40:00.000 UTC,5123.465,5137.365,5123.455,5131.915,0.1024
04.03.2026 00:45:00.000 UTC,5131.885,5139.625,5131.445,5139.395,0.15849
04.03.2026 00:50:00.000 UTC,5139.355,5139.995,5127.395,5128.975,0.13272
04.03.2026 00:55:00.000 UTC,5128.935,5139.025,5127.798,5138.375,0.10764
04.03.2026 01:00:00.000 UTC,5138.395,5158.125,5138.325,5154.385,0.31789
04.03.2026 01:05:00.000 UTC,5154.385,5155.825,5147.285,5152.185,0.22471
04.03.2026 01:10:00.000 UTC,5152.148,5162.335,5152.148,5159.095,0.21501
04.03.2026 01:15:00.000 UTC,5159.045,5164.025,5153.985,5162.485,0.22763
04.03.2026 01:20:00.000 UTC,5162.235,5163.675,5152.648,5158.485,0.24035
04.03.2026 01:25:00.000 UTC,5158.545,5161.015,5145.925,5146.585,0.24643
04.03.2026 01:30:00.000 UTC,5145.605,5153.825,5142.005,5144.645,0.30763
04.03.2026 01:35:00.000 UTC,5144.805,5158.325,5144.755,5152.525,0.30042
04.03.2026 01:40:00.000 UTC,5152.525,5163.205,5151.065,5162.695,0.2674
04.03.2026 01:45:00.000 UTC,5163.395,5174.095,5157.935,5173.685,0.2368
04.03.2026 01:50:00.000 UTC,5173.685,5178.095,5168.295,5171.645,0.23393
04.03.2026 01:55:00.000 UTC,5171.625,5176.555,5168.785,5174.795,0.2057
04.03.2026 02:00:00.000 UTC,5174.755,5177.555,5167.685,5170.315,0.2096
04.03.2026 02:05:00.000 UTC,5170.345,5184.755,5169.005,5184.175,0.20591
04.03.2026 02:10:00.000 UTC,5184.195,5190.675,5181.855,5189.645,0.20359
04.03.2026 02:15:00.000 UTC,5189.565,5189.565,5179.005,5183.555,0.15763
04.03.2026 02:20:00.000 UTC,5183.935,5184.755,5177.115,5178.595,0.15565
04.03.2026 02:25:00.000 UTC,5178.255,5181.605,5175.745,5177.405,0.12774
04.03.2026 02:30:00.000 UTC,5177.385,5179.655,5168.215,5169.645,0.25025
04.03.2026 02:35:00.000 UTC,5169.595,5171.845,5163.268,5171.365,0.24116
04.03.2026 02:40:00.000 UTC,5171.335,5180.035,5171.105,5180.035,0.14819
04.03.2026 02:45:00.000 UTC,5180.115,5180.775,5162.825,5164.905,0.22201
04.03.2026 02:50:00.000 UTC,5165.038,5171.585,5161.698,5162.865,0.24387
04.03.2026 02:55:00.000 UTC,5162.885,5165.855,5153.495,5156.075,0.22577
04.03.2026 03:00:00.000 UTC,5156.075,5159.775,5141.295,5142.755,0.22068
04.03.2026 03:05:00.000 UTC,5142.805,5153.015,5141.015,5152.045,0.19849
04.03.2026 03:10:00.000 UTC,5152.015,5156.645,5151.235,5155.665,0.16051
04.03.2026 03:15:00.000 UTC,5155.595,5161.785,5151.105,5160.525,0.19308
04.03.2026 03:20:00.000 UTC,5160.525,5166.065,5159.955,5165.405,0.21189
04.03.2026 03:25:00.000 UTC,5165.405,5167.935,5158.125,5162.385,0.20101
04.03.2026 03:30:00.000 UTC,5162.255,5167.535,5156.175,5156.515,0.16241
04.03.2026 03:35:00.000 UTC,5157.095,5161.255,5153.775,5160.085,0.15667
04.03.2026 03:40:00.000 UTC,5160.105,5164.275,5160.095,5162.665,0.16125
04.03.2026 03:45:00.000 UTC,5162.508,5167.535,5159.285,5166.415,0.11943
04.03.2026 03:50:00.000 UTC,5166.445,5171.875,5165.135,5168.968,0.13159
04.03.2026 03:55:00.000 UTC,5168.895,5177.185,5166.815,5173.978,0.15641
04.03.2026 04:00:00.000 UTC,5173.795,5177.195,5171.318,5174.355,0.26319
04.03.2026 04:05:00.000 UTC,5174.375,5178.495,5172.568,5173.865,0.26983
04.03.2026 04:10:00.000 UTC,5173.875,5180.505,5171.805,5173.535,0.12473
04.03.2026 04:15:00.000 UTC,5173.585,5173.765,5166.335,5168.655,0.25721
04.03.2026 04:20:00.000 UTC,5168.685,5170.255,5163.575,5164.705,0.10576
04.03.2026 04:25:00.000 UTC,5164.735,5171.38,5162.908,5167.665,0.09441
04.03.2026 04:30:00.000 UTC,5167.705,5170.375,5162.645,5170.245,0.11878
04.03.2026 04:35:00.000 UTC,5170.245,5170.315,5161.958,5164.345,0.10121
04.03.2026 04:40:00.000 UTC,5163.565,5163.605,5151.805,5161.375,0.16936
04.03.2026 04:45:00.000 UTC,5161.355,5164.795,5154.965,5154.965,0.11253
04.03.2026 04:50:00.000 UTC,5154.945,5160.155,5154.945,5157.785,0.105
04.03.2026 04:55:00.000 UTC,5157.755,5159.895,5154.445,5156.525,0.09509
04.03.2026 05:00:00.000 UTC,5156.495,5160.295,5152.535,5153.665,0.16543
04.03.2026 05:05:00.000 UTC,5153.695,5162.005,5151.795,5158.045,0.1416
04.03.2026 05:10:00.000 UTC,5158.145,5166.145,5157.945,5160.665,0.2092
04.03.2026 05:15:00.000 UTC,5160.675,5165.685,5157.695,5158.225,0.42104
04.03.2026 05:20:00.000 UTC,5158.245,5159.425,5152.815,5153.505,0.23231
04.03.2026 05:25:00.000 UTC,5153.495,5156.795,5152.675,5156.335,0.33112
04.03.2026 05:30:00.000 UTC,5156.315,5165.595,5154.935,5164.945,0.39167
04.03.2026 05:35:00.000 UTC,5164.945,5165.965,5158.015,5161.185,0.21331
04.03.2026 05:40:00.000 UTC,5161.205,5167.335,5155.625,5160.015,0.17284
04.03.2026 05:45:00.000 UTC,5159.985,5167.205,5153.975,5165.995,0.19846
04.03.2026 05:50:00.000 UTC,5165.935,5168.065,5157.155,5157.525,0.16375
04.03.2026 05:55:00.000 UTC,5157.589,5161.925,5153.595,5159.438,0.18538
04.03.2026 06:00:00.000 UTC,5159.395,5159.395,5141.215,5141.395,0.24672
04.03.2026 06:05:00.000 UTC,5141.885,5143.655,5119.395,5141.825,0.2588
04.03.2026 06:10:00.000 UTC,5141.805,5148.435,5137.988,5141.185,0.31771
04.03.2026 06:15:00.000 UTC,5140.835,5150.005,5139.445,5144.048,0.34
04.03.2026 06:20:00.000 UTC,5143.809,5144.648,5128.318,5134.335,0.24185
04.03.2026 06:25:00.000 UTC,5135.005,5140.005,5133.595,5134.165,0.21298
04.03.2026 06:30:00.000 UTC,5134.145,5152.625,5132.468,5150.985,0.24706
04.03.2026 06:35:00.000 UTC,5151.255,5155.655,5148.095,5148.095,0.29903
04.03.2026 06:40:00.000 UTC,5148.088,5153.505,5145.548,5148.295,0.17086
04.03.2026 06:45:00.000 UTC,5148.265,5153.065,5146.345,5149.155,0.14149
04.03.2026 06:50:00.000 UTC,5148.898,5158.035,5147.475,5150.925,0.17433
04.03.2026 06:55:00.000 UTC,5150.955,5160.395,5150.505,5160.025,0.12414
04.03.2026 07:00:00.000 UTC,5160.095,5170.355,5158.175,5167.025,0.20335
04.03.2026 07:05:00.000 UTC,5167.115,5174.655,5165.695,5174.425,0.1522
04.03.2026 07:10:00.000 UTC,5174.418,5175.638,5164.988,5167.215,0.19417
04.03.2026 07:15:00.000 UTC,5167.185,5169.495,5163.125,5165.315,0.13905
04.03.2026 07:20:00.000 UTC,5165.295,5172.655,5164.835,5171.185,0.11166
04.03.2026 07:25:00.000 UTC,5171.215,5174.315,5167.135,5167.185,0.1575
04.03.2026 07:30:00.000 UTC,5167.255,5170.115,5163.335,5167.045,0.12174
04.03.2026 07:35:00.000 UTC,5166.985,5172.985,5165.215,5171.785,0.09503
04.03.2026 07:40:00.000 UTC,5171.805,5172.295,5163.275,5169.195,0.12727
04.03.2026 07:45:00.000 UTC,5169.115,5175.625,5168.315,5175.115,0.10267
04.03.2026 07:50:00.000 UTC,5174.985,5175.158,5170.728,5171.225,0.07848
04.03.2026 07:55:00.000 UTC,5171.488,5171.785,5168.025,5168.025,0.08355
04.03.2026 08:00:00.000 UTC,5168.148,5172.005,5156.278,5156.278,0.18699
04.03.2026 08:05:00.000 UTC,5156.238,5160.085,5147.238,5148.458,0.41763
04.03.2026 08:10:00.000 UTC,5148.458,5157.625,5148.268,5157.015,0.18811
04.03.2026 08:15:00.000 UTC,5157.045,5161.165,5152.035,5154.275,0.13485
04.03.2026 08:20:00.000 UTC,5154.365,5168.475,5152.415,5163.775,0.12708
04.03.2026 08:25:00.000 UTC,5163.775,5164.735,5156.815,5162.485,0.13593
04.03.2026 08:30:00.000 UTC,5162.525,5167.715,5161.668,5165.065,0.14265
04.03.2026 08:35:00.000 UTC,5165.135,5170.145,5163.988,5170.105,0.11004
04.03.2026 08:40:00.000 UTC,5170.025,5175.885,5168.505,5175.435,0.12735
04.03.2026 08:45:00.000 UTC,5175.475,5181.275,5174.885,5180.408,0.10956
04.03.2026 08:50:00.000 UTC,5180.385,5181.815,5172.185,5174.265,0.10752
04.03.2026 08:55:00.000 UTC,5174.585,5174.585,5166.035,5167.285,0.15207
04.03.2026 09:00:00.000 UTC,5167.225,5169.285,5160.495,5164.595,0.2606
04.03.2026 09:05:00.000 UTC,5164.625,5168.255,5158.549,5165.375,0.22997
04.03.2026 09:10:00.000 UTC,5165.255,5170.975,5162.645,5163.828,0.16727
04.03.2026 09:15:00.000 UTC,5163.785,5175.105,5161.915,5174.655,0.15263
04.03.2026 09:20:00.000 UTC,5174.575,5178.145,5173.195,5176.615,0.08526
04.03.2026 09:25:00.000 UTC,5176.865,5176.925,5169.445,5170.455,0.07532
04.03.2026 09:30:00.000 UTC,5170.405,5174.545,5168.645,5173.305,0.07953
04.03.2026 09:35:00.000 UTC,5173.275,5184.775,5173.245,5183.265,0.09366
04.03.2026 09:40:00.000 UTC,5183.235,5183.465,5178.675,5182.305,0.09381
04.03.2026 09:45:00.000 UTC,5182.465,5184.625,5179.385,5182.305,0.11341
04.03.2026 09:50:00.000 UTC,5182.135,5183.505,5178.755,5179.245,0.10677
04.03.2026 09:55:00.000 UTC,5179.525,5182.265,5175.575,5181.995,0.08637
04.03.2026 10:00:00.000 UTC,5182.035,5186.045,5182.035,5185.095,0.10821
04.03.2026 10:05:00.000 UTC,5185.098,5194.555,5185.015,5194.515,0.19314
04.03.2026 10:10:00.000 UTC,5194.465,5197.705,5188.898,5197.658,0.25932
04.03.2026 10:15:00.000 UTC,5197.745,5202.048,5191.038,5192.208,0.38978
04.03.2026 10:20:00.000 UTC,5192.208,5193.115,5186.565,5188.585,0.14666
04.03.2026 10:25:00.000 UTC,5188.565,5192.495,5186.645,5187.715,0.14042
04.03.2026 10:30:00.000 UTC,5187.745,5189.615,5182.168,5186.965,0.14822
04.03.2026 10:35:00.000 UTC,5186.985,5187.875,5179.325,5187.875,0.12414
04.03.2026 10:40:00.000 UTC,5187.845,5191.025,5184.055,5185.355,0.07764
04.03.2026 10:45:00.000 UTC,5185.325,5187.175,5181.345,5187.175,0.08148
04.03.2026 10:50:00.000 UTC,5187.205,5188.225,5183.365,5187.725,0.08223
04.03.2026 10:55:00.000 UTC,5187.775,5193.585,5185.945,5189.635,0.07758
04.03.2026 11:00:00.000 UTC,5189.695,5192.895,5188.935,5191.105,0.06942
04.03.2026 11:05:00.000 UTC,5191.085,5191.905,5187.488,5191.115,0.07312
04.03.2026 11:10:00.000 UTC,5191.195,5196.385,5190.765,5194.915,0.07117
04.03.2026 11:15:00.000 UTC,5195.065,5195.515,5189.995,5191.425,0.07173
04.03.2026 11:20:00.000 UTC,5191.295,5197.145,5190.145,5196.145,0.08526
04.03.2026 11:25:00.000 UTC,5196.125,5197.425,5193.665,5194.665,0.07467
04.03.2026 11:30:00.000 UTC,5194.705,5198.095,5193.765,5197.835,0.0856
04.03.2026 11:35:00.000 UTC,5197.865,5200.485,5195.795,5196.755,0.08892
04.03.2026 11:40:00.000 UTC,5196.725,5196.895,5190.685,5192.745,0.08316
04.03.2026 11:45:00.000 UTC,5192.905,5194.145,5190.135,5191.715,0.06654
04.03.2026 11:50:00.000 UTC,5191.745,5192.725,5187.485,5190.795,0.07827
04.03.2026 11:55:00.000 UTC,5190.835,5194.135,5189.595,5191.975,0.07464
04.03.2026 12:00:00.000 UTC,5192.055,5205.995,5191.935,5200.988,0.12813
04.03.2026 12:05:00.000 UTC,5200.988,5201.845,5198.375,5199.655,0.11871
04.03.2026 12:10:00.000 UTC,5199.645,5200.255,5196.905,5197.265,0.09222
04.03.2026 12:15:00.000 UTC,5197.435,5197.555,5177.215,5183.645,0.16188
04.03.2026 12:20:00.000 UTC,5183.005,5184.225,5179.025,5179.065,0.1467
04.03.2026 12:25:00.000 UTC,5179.025,5181.885,5174.055,5178.155,0.13573
04.03.2026 12:30:00.000 UTC,5178.235,5178.235,5168.445,5171.855,0.22216
04.03.2026 12:35:00.000 UTC,5171.805,5174.675,5165.215,5167.145,0.14535
04.03.2026 12:40:00.000 UTC,5167.155,5167.545,5156.095,5166.745,0.20888
04.03.2026 12:45:00.000 UTC,5166.205,5172.845,5163.205,5171.665,0.12771
04.03.2026 12:50:00.000 UTC,5171.635,5173.015,5167.615,5168.005,0.10317
04.03.2026 12:55:00.000 UTC,5167.885,5171.435,5159.415,5170.945,0.16329
04.03.2026 13:00:00.000 UTC,5171.195,5181.605,5170.735,5175.815,0.27347
04.03.2026 13:05:00.000 UTC,5175.685,5188.555,5175.005,5188.185,0.22325
04.03.2026 13:10:00.000 UTC,5188.245,5196.065,5186.818,5192.465,0.18425
04.03.2026 13:15:00.000 UTC,5192.455,5195.205,5186.495,5187.765,0.172
04.03.2026 13:20:00.000 UTC,5187.885,5189.455,5178.995,5185.965,0.21981
04.03.2026 13:25:00.000 UTC,5186.025,5194.945,5185.945,5191.995,0.15833
04.03.2026 13:30:00.000 UTC,5192.025,5192.675,5183.655,5188.045,0.21608
04.03.2026 13:35:00.000 UTC,5188.025,5190.705,5184.685,5185.815,0.18413
04.03.2026 13:40:00.000 UTC,5185.845,5190.335,5181.575,5188.145,0.16164
04.03.2026 13:45:00.000 UTC,5188.175,5192.065,5187.675,5189.385,0.14551
04.03.2026 13:50:00.000 UTC,5189.505,5189.705,5179.165,5181.935,0.20213
04.03.2026 13:55:00.000 UTC,5181.985,5182.285,5167.135,5167.605,0.22424
04.03.2026 14:00:00.000 UTC,5167.465,5180.525,5167.465,5173.345,0.22477
04.03.2026 14:05:00.000 UTC,5173.155,5179.385,5171.428,5173.895,0.21633
04.03.2026 14:10:00.000 UTC,5173.915,5174.005,5164.525,5165.035,0.24798
04.03.2026 14:15:00.000 UTC,5165.185,5174.005,5162.815,5173.725,0.32501
04.03.2026 14:20:00.000 UTC,5173.725,5175.035,5161.635,5162.875,0.33691
04.03.2026 14:25:00.000 UTC,5162.915,5169.175,5160.045,5165.865,0.26831
04.03.2026 14:30:00.000 UTC,5166.155,5184.875,5162.965,5179.345,0.49571
04.03.2026 14:35:00.000 UTC,5179.345,5184.338,5167.665,5173.665,0.57713
04.03.2026 14:40:00.000 UTC,5173.635,5180.798,5167.225,5171.315,0.37905
04.03.2026 14:45:00.000 UTC,5171.355,5179.315,5142.375,5155.455,0.35456
04.03.2026 14:50:00.000 UTC,5155.475,5161.445,5144.725,5151.865,0.40712
04.03.2026 14:55:00.000 UTC,5151.815,5151.815,5138.475,5145.855,0.37777
04.03.2026 15:00:00.000 UTC,5142.758,5162.555,5142.758,5159.215,0.33174
04.03.2026 15:05:00.000 UTC,5159.245,5161.455,5139.935,5150.935,0.36813
04.03.2026 15:10:00.000 UTC,5150.905,5153.455,5130.965,5134.155,0.39784
04.03.2026 15:15:00.000 UTC,5134.125,5145.885,5132.385,5141.595,0.37105
04.03.2026 15:20:00.000 UTC,5141.625,5151.705,5141.075,5148.585,0.33354
04.03.2026 15:25:00.000 UTC,5148.645,5159.488,5148.115,5155.849,0.54584
04.03.2026 15:30:00.000 UTC,5156.015,5161.669,5155.605,5160.935,0.64289
04.03.2026 15:35:00.000 UTC,5160.905,5166.709,5151.948,5152.598,0.66805
04.03.2026 15:40:00.000 UTC,5152.658,5154.648,5137.085,5143.519,0.83503
04.03.2026 15:45:00.000 UTC,5143.519,5143.819,5133.118,5140.575,0.51192
04.03.2026 15:50:00.000 UTC,5140.615,5151.835,5137.998,5148.465,0.39276
04.03.2026 15:55:00.000 UTC,5148.435,5152.635,5146.105,5151.005,0.43432
04.03.2026 16:00:00.000 UTC,5150.995,5162.138,5150.975,5157.265,0.42412
04.03.2026 16:05:00.000 UTC,5157.295,5158.395,5148.505,5149.295,0.28284
04.03.2026 16:10:00.000 UTC,5149.295,5152.945,5143.015,5148.415,0.32793
04.03.2026 16:15:00.000 UTC,5148.435,5149.655,5142.725,5147.475,0.30672
04.03.2026 16:20:00.000 UTC,5147.515,5155.765,5137.948,5140.945,0.32768
04.03.2026 16:25:00.000 UTC,5140.945,5153.295,5140.745,5145.925,0.28207
04.03.2026 16:30:00.000 UTC,5146.585,5154.865,5143.965,5152.875,0.3702
04.03.2026 16:35:00.000 UTC,5153.215,5156.105,5148.608,5150.765,0.28308
04.03.2026 16:40:00.000 UTC,5150.815,5158.915,5146.265,5146.305,0.2381
04.03.2026 16:45:00.000 UTC,5146.325,5152.625,5142.485,5147.785,0.36575
04.03.2026 16:50:00.000 UTC,5147.765,5151.185,5143.989,5147.805,0.27786
04.03.2026 16:55:00.000 UTC,5147.905,5150.135,5145.158,5149.485,0.25525
04.03.2026 17:00:00.000 UTC,5149.485,5151.855,5144.685,5149.385,0.26945
04.03.2026 17:05:00.000 UTC,5149.325,5152.835,5146.525,5146.985,0.57732
04.03.2026 17:10:00.000 UTC,5147.355,5149.455,5142.565,5147.045,0.30094
04.03.2026 17:15:00.000 UTC,5147.095,5149.695,5145.455,5146.585,0.235
04.03.2026 17:20:00.000 UTC,5146.553,5147.095,5120.235,5128.065,0.33124
04.03.2026 17:25:00.000 UTC,5128.128,5139.705,5127.588,5133.195,0.24043
04.03.2026 17:30:00.000 UTC,5133.215,5138.145,5127.945,5136.015,0.23979
04.03.2026 17:35:00.000 UTC,5136.035,5138.245,5132.215,5134.175,0.22097
04.03.2026 17:40:00.000 UTC,5134.145,5138.965,5132.115,5137.355,0.20958
04.03.2026 17:45:00.000 UTC,5137.375,5140.985,5135.445,5140.085,0.23333
04.03.2026 17:50:00.000 UTC,5140.055,5145.385,5138.715,5142.775,0.187
04.03.2026 17:55:00.000 UTC,5142.745,5147.355,5138.855,5140.935,0.24017
04.03.2026 18:00:00.000 UTC,5140.765,5143.465,5131.985,5133.605,0.26097
04.03.2026 18:05:00.000 UTC,5133.665,5136.935,5129.105,5130.975,0.24122
04.03.2026 18:10:00.000 UTC,5130.945,5130.945,5117.185,5124.395,0.26879
04.03.2026 18:15:00.000 UTC,5124.435,5125.685,5116.985,5118.445,0.25548
04.03.2026 18:20:00.000 UTC,5118.665,5127.865,5110.989,5125.305,0.26409
04.03.2026 18:25:00.000 UTC,5125.125,5127.765,5120.515,5123.745,0.25263
04.03.2026 18:30:00.000 UTC,5123.715,5129.435,5120.235,5125.655,0.21475
04.03.2026 18:35:00.000 UTC,5125.685,5129.785,5116.905,5117.795,0.18034
04.03.2026 18:40:00.000 UTC,5117.775,5126.355,5108.678,5124.905,0.19074
04.03.2026 18:45:00.000 UTC,5124.945,5132.339,5123.285,5131.838,0.19193
04.03.2026 18:50:00.000 UTC,5132.038,5134.018,5129.525,5130.105,0.15138
04.03.2026 18:55:00.000 UTC,5130.235,5134.498,5128.898,5133.638,0.12705
04.03.2026 19:00:00.000 UTC,5133.618,5136.398,5128.355,5130.475,0.14994
04.03.2026 19:05:00.000 UTC,5130.475,5133.675,5129.835,5132.865,0.1177
04.03.2026 19:10:00.000 UTC,5132.895,5133.095,5125.785,5130.945,0.12158
04.03.2026 19:15:00.000 UTC,5131.525,5132.915,5126.445,5126.845,0.11899
04.03.2026 19:20:00.000 UTC,5126.625,5128.995,5125.545,5126.585,0.11229
04.03.2026 19:25:00.000 UTC,5126.605,5128.105,5124.275,5124.375,0.12401
04.03.2026 19:30:00.000 UTC,5124.065,5130.385,5122.998,5127.135,0.1513
04.03.2026 19:35:00.000 UTC,5127.009,5129.395,5125.055,5127.125,0.13396
04.03.2026 19:40:00.000 UTC,5127.105,5131.875,5126.525,5130.685,0.1869
04.03.2026 19:45:00.000 UTC,5130.645,5135.155,5129.315,5133.035,0.17258
04.03.2026 19:50:00.000 UTC,5133.665,5136.295,5131.738,5135.285,0.16422
04.03.2026 19:55:00.000 UTC,5135.215,5139.385,5134.685,5137.725,0.18241
04.03.2026 20:00:00.000 UTC,5137.495,5138.575,5133.485,5133.975,0.36338
04.03.2026 20:05:00.000 UTC,5134.009,5134.845,5129.265,5130.285,0.36689
04.03.2026 20:10:00.000 UTC,5130.285,5131.595,5126.545,5129.695,0.16986
04.03.2026 20:15:00.000 UTC,5129.735,5129.735,5123.495,5127.735,0.1628
04.03.2026 20:20:00.000 UTC,5127.685,5132.485,5127.365,5131.415,0.26367
04.03.2026 20:25:00.000 UTC,5131.445,5138.205,5131.445,5136.995,0.14908
04.03.2026 20:30:00.000 UTC,5137.025,5140.155,5136.975,5137.615,0.24772
04.03.2026 20:35:00.000 UTC,5137.655,5142.568,5136.725,5140.605,0.32437
04.03.2026 20:40:00.000 UTC,5140.665,5146.665,5140.255,5143.805,0.18843
04.03.2026 20:45:00.000 UTC,5143.705,5144.355,5136.108,5139.605,0.23902
04.03.2026 20:50:00.000 UTC,5139.625,5139.635,5133.208,5134.485,0.3025
04.03.2026 20:55:00.000 UTC,5134.485,5137.865,5132.625,5134.505,0.22027
04.03.2026 21:00:00.000 UTC,5134.485,5141.495,5133.585,5140.395,0.09441
04.03.2026 21:05:00.000 UTC,5140.315,5141.595,5137.455,5140.485,0.06719
04.03.2026 21:10:00.000 UTC,5140.475,5143.805,5137.915,5140.095,0.04944
04.03.2026 21:15:00.000 UTC,5140.045,5140.835,5139.405,5140.528,0.03977
04.03.2026 21:20:00.000 UTC,5140.528,5141.395,5135.975,5137.445,0.04107
04.03.2026 21:25:00.000 UTC,5137.455,5141.285,5136.085,5141.125,0.07381
04.03.2026 21:30:00.000 UTC,5141.165,5141.565,5129.135,5129.555,0.05725
04.03.2026 21:35:00.000 UTC,5129.535,5137.475,5129.505,5137.245,0.06954
04.03.2026 21:40:00.000 UTC,5137.135,5137.135,5134.555,5135.495,0.04086
04.03.2026 21:45:00.000 UTC,5135.475,5137.595,5134.785,5135.755,0.04935
04.03.2026 21:50:00.000 UTC,5135.785,5142.065,5134.875,5141.895,0.04303
04.03.2026 21:55:00.000 UTC,5141.855,5141.925,5138.805,5140.325,0.05928
04.03.2026 23:00:00.000 UTC,5148.898,5154.048,5142.675,5151.998,0.02543
04.03.2026 23:05:00.000 UTC,5151.748,5153.848,5144.545,5151.848,0.06135
04.03.2026 23:10:00.000 UTC,5152.248,5154.535,5144.475,5146.425,0.04527
04.03.2026 23:15:00.000 UTC,5146.285,5155.375,5146.005,5153.705,0.04161
04.03.2026 23:20:00.000 UTC,5153.665,5155.465,5151.455,5154.915,0.03039
04.03.2026 23:25:00.000 UTC,5155.185,5156.515,5151.235,5154.435,0.03813
04.03.2026 23:30:00.000 UTC,5154.555,5156.075,5152.665,5153.105,0.02409
04.03.2026 23:35:00.000 UTC,5153.125,5153.815,5148.445,5151.775,0.02847
04.03.2026 23:40:00.000 UTC,5151.815,5156.085,5151.545,5155.485,0.0249
04.03.2026 23:45:00.000 UTC,5155.515,5162.715,5154.665,5158.825,0.08226
04.03.2026 23:50:00.000 UTC,5158.805,5161.715,5156.425,5159.835,0.0567
04.03.2026 23:55:00.000 UTC,5159.855,5165.965,5159.815,5165.025,0.06726
05.03.2026 00:00:00.000 UTC,5164.995,5166.115,5159.105,5165.135,0.07753
05.03.2026 00:05:00.000 UTC,5164.875,5168.075,5163.495,5167.005,0.05694
05.03.2026 00:10:00.000 UTC,5167.035,5172.475,5167.035,5170.845,0.07512
05.03.2026 00:15:00.000 UTC,5171.025,5177.695,5170.355,5177.485,0.0489
05.03.2026 00:20:00.000 UTC,5177.545,5179.93,5175.625,5176.805,0.06669
05.03.2026 00:25:00.000 UTC,5176.895,5177.455,5171.715,5173.035,0.06084
05.03.2026 00:30:00.000 UTC,5173.075,5173.148,5169.748,5171.615,0.04315
05.03.2026 00:35:00.000 UTC,5171.595,5171.665,5168.165,5169.965,0.03777
05.03.2026 00:40:00.000 UTC,5170.005,5176.635,5170.005,5171.265,0.04968
05.03.2026 00:45:00.000 UTC,5171.245,5176.975,5165.925,5176.445,0.07047
05.03.2026 00:50:00.000 UTC,5176.475,5177.085,5169.995,5170.055,0.07036
05.03.2026 00:55:00.000 UTC,5170.075,5172.615,5166.078,5172.315,0.0712
05.03.2026 01:00:00.000 UTC,5172.615,5178.015,5169.555,5173.825,0.17948
05.03.2026 01:05:00.000 UTC,5173.845,5181.205,5173.845,5180.555,0.13518
05.03.2026 01:10:00.000 UTC,5180.515,5186.025,5175.805,5176.125,0.16733
05.03.2026 01:15:00.000 UTC,5176.095,5182.205,5175.045,5179.455,0.14691
05.03.2026 01:20:00.000 UTC,5179.425,5179.425,5173.265,5173.685,0.13753
05.03.2026 01:25:00.000 UTC,5173.265,5178.755,5172.285,5177.285,0.12313
05.03.2026 01:30:00.000 UTC,5177.345,5178.845,5172.465,5175.755,0.19233
05.03.2026 01:35:00.000 UTC,5175.815,5175.815,5169.945,5174.575,0.15718
05.03.2026 01:40:00.000 UTC,5174.605,5176.975,5167.185,5172.495,0.20292
05.03.2026 01:45:00.000 UTC,5172.475,5176.475,5169.725,5175.405,0.13806
05.03.2026 01:50:00.000 UTC,5175.425,5179.925,5173.495,5174.045,0.13077
05.03.2026 01:55:00.000 UTC,5173.765,5174.695,5169.125,5172.315,0.17226
05.03.2026 02:00:00.000 UTC,5172.089,5177.945,5171.295,5176.665,0.15907
05.03.2026 02:05:00.000 UTC,5176.695,5181.345,5172.635,5174.625,0.14309
05.03.2026 02:10:00.000 UTC,5174.445,5179.085,5172.355,5178.575,0.17113
05.03.2026 02:15:00.000 UTC,5178.525,5182.785,5176.335,5181.595,0.09042
05.03.2026 02:20:00.000 UTC,5181.455,5188.045,5177.825,5181.285,0.09613
05.03.2026 02:25:00.000 UTC,5181.255,5185.355,5180.515,5183.855,0.14915
05.03.2026 02:30:00.000 UTC,5183.805,5186.895,5181.045,5184.125,0.17032
05.03.2026 02:35:00.000 UTC,5183.875,5184.105,5176.175,5179.355,0.15343
05.03.2026 02:40:00.000 UTC,5179.395,5182.525,5174.175,5175.075,0.15961
05.03.2026 02:45:00.000 UTC,5175.225,5181.315,5173.925,5180.425,0.15898
05.03.2026 02:50:00.000 UTC,5180.475,5189.665,5179.668,5187.165,0.13645
05.03.2026 02:55:00.000 UTC,5187.185,5192.205,5186.005,5191.735,0.12721
05.03.2026 03:00:00.000 UTC,5191.705,5193.405,5189.395,5192.405,0.15346
05.03.2026 03:05:00.000 UTC,5192.465,5194.615,5187.795,5187.908,0.17443
05.03.2026 03:10:00.000 UTC,5187.908,5188.665,5183.718,5185.605,0.1118
05.03.2026 03:15:00.000 UTC,5185.625,5190.905,5184.955,5187.945,0.10617
05.03.2026 03:20:00.000 UTC,5188.005,5189.315,5185.388,5186.895,0.09663
05.03.2026 03:25:00.000 UTC,5186.875,5187.165,5184.308,5184.875,0.08631
05.03.2026 03:30:00.000 UTC,5184.905,5188.195,5181.245,5186.905,0.08339
05.03.2026 03:35:00.000 UTC,5186.885,5190.625,5184.525,5187.245,0.08657
05.03.2026 03:40:00.000 UTC,5187.285,5189.365,5187.265,5188.205,0.05146
05.03.2026 03:45:00.000 UTC,5188.235,5190.805,5183.828,5183.828,0.08921
05.03.2026 03:50:00.000 UTC,5183.828,5186.025,5182.745,5183.105,0.05673
05.03.2026 03:55:00.000 UTC,5183.085,5184.345,5177.975,5179.915,0.08513
05.03.2026 04:00:00.000 UTC,5179.935,5183.425,5176.565,5181.975,0.08152
05.03.2026 04:05:00.000 UTC,5181.995,5185.225,5181.865,5183.735,0.06962
05.03.2026 04:10:00.000 UTC,5183.775,5185.418,5181.795,5183.365,0.05085
05.03.2026 04:15:00.000 UTC,5183.585,5186.415,5180.345,5182.065,0.07349
05.03.2026 04:20:00.000 UTC,5181.975,5184.695,5181.705,5182.775,0.05267
05.03.2026 04:25:00.000 UTC,5182.785,5183.188,5174.445,5178.035,0.1505
05.03.2026 04:30:00.000 UTC,5178.145,5179.995,5176.975,5177.315,0.04899
05.03.2026 04:35:00.000 UTC,5177.335,5178.925,5176.058,5176.695,0.0426
05.03.2026 04:40:00.000 UTC,5176.755,5177.265,5173.445,5174.185,0.05585
05.03.2026 04:45:00.000 UTC,5174.235,5175.315,5168.715,5169.655,0.07557
05.03.2026 04:50:00.000 UTC,5169.685,5170.365,5165.995,5168.155,0.07357
05.03.2026 04:55:00.000 UTC,5168.145,5172.515,5166.085,5171.365,0.06324
05.03.2026 05:00:00.000 UTC,5171.445,5174.715,5168.995,5173.615,0.06732
05.03.2026 05:05:00.000 UTC,5173.575,5175.985,5173.425,5175.345,0.05496
05.03.2026 05:10:00.000 UTC,5175.375,5176.555,5173.385,5175.265,0.0537
05.03.2026 05:15:00.000 UTC,5175.285,5176.505,5170.315,5170.725,0.10065
05.03.2026 05:20:00.000 UTC,5170.705,5172.585,5169.705,5172.215,0.03921
05.03.2026 05:25:00.000 UTC,5172.245,5173.855,5171.875,5172.075,0.08796
05.03.2026 05:30:00.000 UTC,5172.135,5174.335,5164.205,5167.385,0.16434
05.03.2026 05:35:00.000 UTC,5167.295,5170.605,5161.645,5164.325,0.16527
05.03.2026 05:40:00.000 UTC,5164.485,5167.915,5163.855,5166.145,0.10356
05.03.2026 05:45:00.000 UTC,5166.115,5169.215,5161.735,5165.865,0.12345
05.03.2026 05:50:00.000 UTC,5165.835,5165.835,5155.645,5157.775,0.16716
05.03.2026 05:55:00.000 UTC,5158.055,5159.895,5147.985,5148.325,0.16596
05.03.2026 06:00:00.000 UTC,5148.685,5155.065,5144.995,5154.465,0.1825
05.03.2026 06:05:00.000 UTC,5154.415,5155.155,5132.955,5139.435,0.21685
05.03.2026 06:10:00.000 UTC,5139.455,5139.455,5119.995,5132.335,0.28349
05.03.2026 06:15:00.000 UTC,5132.315,5136.215,5124.225,5135.065,0.21048
05.03.2026 06:20:00.000 UTC,5135.095,5142.665,5133.045,5141.785,0.14459
05.03.2026 06:25:00.000 UTC,5141.805,5143.635,5139.535,5142.655,0.13641
05.03.2026 06:30:00.000 UTC,5142.625,5148.005,5139.655,5147.225,0.15219
05.03.2026 06:35:00.000 UTC,5147.105,5153.375,5142.045,5151.095,0.13032
05.03.2026 06:40:00.000 UTC,5151.125,5156.355,5146.545,5150.515,0.10701
05.03.2026 06:45:00.000 UTC,5150.725,5158.675,5148.705,5158.615,0.10989
05.03.2026 06:50:00.000 UTC,5158.685,5160.205,5155.625,5156.055,0.14997
05.03.2026 06:55:00.000 UTC,5156.075,5168.465,5156.075,5167.345,0.14562
05.03.2026 07:00:00.000 UTC,5167.375,5172.475,5164.515,5170.325,0.14595
05.03.2026 07:05:00.000 UTC,5170.015,5172.415,5162.595,5164.645,0.12892
05.03.2026 07:10:00.000 UTC,5164.485,5167.545,5161.185,5161.695,0.11778
05.03.2026 07:15:00.000 UTC,5161.715,5167.675,5159.665,5164.985,0.18001
05.03.2026 07:20:00.000 UTC,5164.905,5166.575,5162.248,5164.948,0.20637
05.03.2026 07:25:00.000 UTC,5164.775,5166.548,5162.548,5165.748,0.29366
05.03.2026 07:30:00.000 UTC,5165.695,5166.658,5160.488,5160.918,0.54523
05.03.2026 07:35:00.000 UTC,5160.898,5163.478,5159.195,5160.578,0.23964
05.03.2026 07:40:00.000 UTC,5160.535,5165.178,5159.748,5159.885,0.09843
05.03.2026 07:45:00.000 UTC,5159.865,5166.075,5158.395,5163.115,0.09342
05.03.2026 07:50:00.000 UTC,5163.065,5164.285,5158.965,5159.385,0.07263
05.03.2026 07:55:00.000 UTC,5159.425,5163.145,5158.645,5161.845,0.09249
05.03.2026 08:00:00.000 UTC,5161.805,5162.195,5154.605,5156.055,0.16201
05.03.2026 08:05:00.000 UTC,5155.965,5157.325,5147.085,5148.435,0.16969
05.03.2026 08:10:00.000 UTC,5148.405,5149.945,5141.435,5141.445,0.14504
05.03.2026 08:15:00.000 UTC,5141.375,5143.945,5138.885,5139.438,0.16062
05.03.2026 08:20:00.000 UTC,5139.498,5148.355,5137.218,5145.295,0.16863
05.03.2026 08:25:00.000 UTC,5145.915,5146.925,5141.875,5144.385,0.14104
05.03.2026 08:30:00.000 UTC,5144.365,5153.135,5143.485,5149.885,0.14649
05.03.2026 08:35:00.000 UTC,5149.905,5161.955,5149.855,5159.915,0.13914
05.03.2026 08:40:00.000 UTC,5159.935,5163.105,5158.105,5160.945,0.09591
05.03.2026 08:45:00.000 UTC,5161.665,5168.528,5161.548,5167.875,0.10884
05.03.2026 08:50:00.000 UTC,5168.015,5168.135,5163.315,5167.505,0.13071
05.03.2026 08:55:00.000 UTC,5167.685,5170.135,5162.648,5165.155,0.26102
05.03.2026 09:00:00.000 UTC,5165.175,5167.308,5161.105,5164.025,0.32165
05.03.2026 09:05:00.000 UTC,5164.125,5180.165,5163.055,5176.185,0.31349
05.03.2026 09:10:00.000 UTC,5176.325,5179.878,5172.648,5178.998,0.2725
05.03.2026 09:15:00.000 UTC,5178.988,5180.098,5171.578,5174.088,0.23498
05.03.2026 09:20:00.000 UTC,5173.915,5176.995,5170.895,5171.665,0.17937
05.03.2026 09:25:00.000 UTC,5171.755,5172.845,5166.675,5169.295,0.13431
05.03.2026 09:30:00.000 UTC,5169.275,5169.465,5162.195,5165.345,0.15155
05.03.2026 09:35:00.000 UTC,5165.385,5168.075,5152.615,5156.105,0.14295
05.03.2026 09:40:00.000 UTC,5156.105,5166.095,5153.545,5162.015,0.12516
05.03.2026 09:45:00.000 UTC,5162.175,5165.125,5156.885,5164.325,0.1248
05.03.2026 09:50:00.000 UTC,5164.435,5164.535,5160.785,5161.625,0.08703
05.03.2026 09:55:00.000 UTC,5161.685,5163.325,5160.365,5160.765,0.07077
05.03.2026 10:00:00.000 UTC,5160.745,5160.745,5148.735,5149.545,0.10639
05.03.2026 10:05:00.000 UTC,5149.585,5152.325,5145.855,5150.735,0.12178
05.03.2026 10:10:00.000 UTC,5150.715,5155.155,5149.635,5154.095,0.14473
05.03.2026 10:15:00.000 UTC,5154.075,5155.835,5153.178,5153.668,0.14445
05.03.2026 10:20:00.000 UTC,5153.575,5154.795,5151.385,5153.955,0.1348
05.03.2026 10:25:00.000 UTC,5153.985,5158.345,5152.555,5155.905,0.11181
05.03.2026 10:30:00.000 UTC,5155.655,5158.525,5152.588,5153.465,0.14045
05.03.2026 10:35:00.000 UTC,5153.485,5157.905,5147.155,5156.025,0.10816
05.03.2026 10:40:00.000 UTC,5155.915,5157.655,5154.475,5156.735,0.05313
05.03.2026 10:45:00.000 UTC,5156.755,5161.965,5156.225,5160.085,0.08809
05.03.2026 10:50:00.000 UTC,5160.165,5166.345,5160.165,5166.135,0.10557
05.03.2026 10:55:00.000 UTC,5166.215,5167.545,5164.215,5164.325,0.09588
05.03.2026 11:00:00.000 UTC,5164.375,5167.855,5163.569,5164.935,0.09631
05.03.2026 11:05:00.000 UTC,5164.955,5166.885,5161.105,5163.085,0.12735
05.03.2026 11:10:00.000 UTC,5163.065,5164.548,5161.948,5164.255,0.0639
05.03.2026 11:15:00.000 UTC,5164.348,5166.615,5163.048,5164.175,0.08151
05.03.2026 11:20:00.000 UTC,5164.015,5165.695,5161.955,5164.325,0.06003
05.03.2026 11:25:00.000 UTC,5164.345,5165.075,5160.715,5162.765,0.05349
05.03.2026 11:30:00.000 UTC,5162.735,5164.445,5160.175,5161.975,0.05139
05.03.2026 11:35:00.000 UTC,5161.955,5162.475,5156.805,5156.935,0.06797
05.03.2026 11:40:00.000 UTC,5156.945,5161.465,5156.635,5160.725,0.06354
05.03.2026 11:45:00.000 UTC,5160.705,5163.115,5160.175,5162.875,0.04806
05.03.2026 11:50:00.000 UTC,5162.935,5164.865,5161.738,5162.485,0.08325
05.03.2026 11:55:00.000 UTC,5162.455,5163.965,5160.118,5163.655,0.08862
05.03.2026 12:00:00.000 UTC,5163.615,5166.585,5162.865,5166.435,0.10098
05.03.2026 12:05:00.000 UTC,5166.375,5170.785,5165.545,5168.475,0.08976
05.03.2026 12:10:00.000 UTC,5168.525,5171.255,5167.245,5168.255,0.08598
05.03.2026 12:15:00.000 UTC,5168.275,5170.065,5163.695,5169.975,0.07326
05.03.2026 12:20:00.000 UTC,5170.015,5170.145,5163.145,5164.075,0.09973
05.03.2026 12:25:00.000 UTC,5164.045,5166.885,5161.348,5161.545,0.07437
05.03.2026 12:30:00.000 UTC,5161.278,5166.035,5160.545,5166.035,0.06993
05.03.2026 12:35:00.000 UTC,5166.085,5167.505,5163.985,5165.245,0.06606
05.03.2026 12:40:00.000 UTC,5165.405,5166.255,5162.015,5162.085,0.06753
05.03.2026 12:45:00.000 UTC,5162.055,5164.355,5160.625,5161.715,0.06342
05.03.2026 12:50:00.000 UTC,5161.585,5165.955,5161.345,5164.735,0.07674
05.03.2026 12:55:00.000 UTC,5164.795,5165.325,5161.285,5162.385,0.07737
05.03.2026 13:00:00.000 UTC,5162.618,5163.895,5151.335,5154.135,0.24739
05.03.2026 13:05:00.000 UTC,5154.115,5159.755,5148.775,5148.775,0.18311
05.03.2026 13:10:00.000 UTC,5148.515,5156.005,5146.255,5155.605,0.1671
05.03.2026 13:15:00.000 UTC,5155.575,5159.745,5126.625,5131.493,0.2905
05.03.2026 13:20:00.000 UTC,5131.115,5132.695,5080.735,5104.275,0.37273
05.03.2026 13:25:00.000 UTC,5104.325,5127.415,5099.315,5120.935,0.26424
05.03.2026 13:30:00.000 UTC,5120.915,5130.435,5114.645,5128.875,0.17094
05.03.2026 13:35:00.000 UTC,5128.815,5134.865,5125.695,5127.905,0.20419
05.03.2026 13:40:00.000 UTC,5128.65,5137.735,5125.285,5130.745,0.22396
05.03.2026 13:45:00.000 UTC,5130.775,5131.645,5114.495,5119.365,0.22267
05.03.2026 13:50:00.000 UTC,5119.385,5128.545,5118.935,5121.465,0.19248
05.03.2026 13:55:00.000 UTC,5121.665,5121.775,5109.635,5117.755,0.22645
05.03.2026 14:00:00.000 UTC,5117.805,5129.725,5109.985,5128.705,0.23616
05.03.2026 14:05:00.000 UTC,5128.685,5129.585,5118.535,5120.725,0.19781
05.03.2026 14:10:00.000 UTC,5120.695,5123.685,5111.405,5112.455,0.20241
05.03.2026 14:15:00.000 UTC,5112.425,5116.175,5102.595,5108.435,0.21799
05.03.2026 14:20:00.000 UTC,5108.455,5114.495,5102.945,5112.035,0.22091
05.03.2026 14:25:00.000 UTC,5112.065,5120.655,5110.975,5119.975,0.20133
05.03.2026 14:30:00.000 UTC,5120.005,5122.985,5104.915,5122.415,0.3588
05.03.2026 14:35:00.000 UTC,5122.095,5123.365,5090.138,5097.565,0.34881
05.03.2026 14:40:00.000 UTC,5097.585,5108.655,5090.565,5097.205,0.33472
05.03.2026 14:45:00.000 UTC,5097.595,5107.045,5091.075,5096.985,0.34867
05.03.2026 14:50:00.000 UTC,5096.955,5105.755,5093.915,5101.995,0.39716
05.03.2026 14:55:00.000 UTC,5102.115,5110.928,5097.205,5101.705,0.3981
05.03.2026 15:00:00.000 UTC,5101.675,5119.595,5095.678,5096.285,0.38895
05.03.2026 15:05:00.000 UTC,5096.845,5105.625,5060.025,5070.195,0.39798
05.03.2026 15:10:00.000 UTC,5070.215,5087.585,5063.885,5085.155,0.3279
05.03.2026 15:15:00.000 UTC,5085.115,5093.598,5081.385,5087.065,0.38858
05.03.2026 15:20:00.000 UTC,5087.095,5088.825,5078.115,5078.405,0.35009
05.03.2026 15:25:00.000 UTC,5078.685,5086.885,5072.015,5086.215,0.28828
05.03.2026 15:30:00.000 UTC,5086.245,5092.745,5081.445,5092.725,0.29632
05.03.2026 15:35:00.000 UTC,5092.765,5093.625,5079.455,5083.095,0.28041
05.03.2026 15:40:00.000 UTC,5083.555,5088.945,5077.305,5080.205,0.29847
05.03.2026 15:45:00.000 UTC,5080.165,5091.825,5079.175,5087.755,0.24286
05.03.2026 15:50:00.000 UTC,5087.865,5098.015,5086.605,5097.395,0.24064
05.03.2026 15:55:00.000 UTC,5097.165,5102.785,5091.525,5102.225,0.28346
05.03.2026 16:00:00.000 UTC,5102.255,5104.475,5093.465,5093.595,0.25282
05.03.2026 16:05:00.000 UTC,5093.565,5094.195,5075.835,5076.815,0.23778
05.03.2026 16:10:00.000 UTC,5076.685,5083.515,5073.945,5082.855,0.25807
05.03.2026 16:15:00.000 UTC,5082.805,5085.055,5072.175,5077.825,0.26047
05.03.2026 16:20:00.000 UTC,5077.865,5079.375,5063.085,5064.115,0.25031
05.03.2026 16:25:00.000 UTC,5064.085,5073.925,5059.875,5063.535,0.28689
05.03.2026 16:30:00.000 UTC,5063.885,5068.315,5054.035,5063.685,0.32515
05.03.2026 16:35:00.000 UTC,5063.415,5069.985,5057.475,5066.415,0.33417
05.03.2026 16:40:00.000 UTC,5066.395,5072.505,5061.575,5070.695,0.30035
05.03.2026 16:45:00.000 UTC,5070.418,5078.855,5070.418,5078.825,0.24441
05.03.2026 16:50:00.000 UTC,5078.795,5081.005,5069.975,5078.275,0.2542
05.03.2026 16:55:00.000 UTC,5078.045,5080.275,5073.175,5077.405,0.28275
05.03.2026 17:00:00.000 UTC,5077.435,5086.205,5073.795,5086.005,0.24969
05.03.2026 17:05:00.000 UTC,5085.965,5088.295,5081.485,5086.675,0.23472
05.03.2026 17:10:00.000 UTC,5086.285,5089.275,5082.415,5086.115,0.24267
05.03.2026 17:15:00.000 UTC,5085.745,5088.605,5081.728,5084.418,0.28716
05.03.2026 17:20:00.000 UTC,5084.285,5086.025,5079.245,5083.785,0.23087
05.03.2026 17:25:00.000 UTC,5083.595,5086.045,5074.528,5074.715,0.23428
05.03.2026 17:30:00.000 UTC,5074.675,5076.975,5066.525,5068.915,0.28974
05.03.2026 17:35:00.000 UTC,5068.945,5068.945,5054.665,5067.215,0.29666
05.03.2026 17:40:00.000 UTC,5067.155,5070.185,5058.125,5063.285,0.27179
05.03.2026 17:45:00.000 UTC,5063.295,5068.895,5060.028,5066.455,0.24311
05.03.2026 17:50:00.000 UTC,5066.405,5068.135,5058.145,5058.805,0.28468
05.03.2026 17:55:00.000 UTC,5058.835,5065.215,5055.405,5062.575,0.26764
05.03.2026 18:00:00.000 UTC,5062.595,5065.425,5050.638,5065.425,0.30739
05.03.2026 18:05:00.000 UTC,5065.365,5071.555,5062.998,5068.575,0.26445
05.03.2026 18:10:00.000 UTC,5068.445,5073.258,5068.035,5071.575,0.26925
05.03.2026 18:15:00.000 UTC,5071.505,5075.635,5069.935,5070.815,0.27981
05.03.2026 18:20:00.000 UTC,5070.865,5075.705,5063.995,5065.775,0.32099
05.03.2026 18:25:00.000 UTC,5065.995,5071.905,5061.185,5071.035,0.30469
05.03.2026 18:30:00.000 UTC,5071.005,5079.018,5070.275,5074.145,0.35467
05.03.2026 18:35:00.000 UTC,5074.498,5081.248,5070.805,5080.415,0.42103
05.03.2026 18:40:00.000 UTC,5080.578,5085.245,5079.735,5082.845,0.2404
05.03.2026 18:45:00.000 UTC,5082.885,5083.405,5076.865,5078.815,0.19931
05.03.2026 18:50:00.000 UTC,5078.795,5078.795,5066.875,5072.395,0.19007
05.03.2026 18:55:00.000 UTC,5072.425,5073.955,5067.445,5069.185,0.16608
05.03.2026 19:00:00.000 UTC,5069.075,5078.705,5067.305,5078.235,0.18528
05.03.2026 19:05:00.000 UTC,5078.235,5080.995,5074.895,5076.205,0.1697
05.03.2026 19:10:00.000 UTC,5076.185,5077.095,5072.695,5073.195,0.17187
05.03.2026 19:15:00.000 UTC,5073.175,5073.175,5061.855,5069.945,0.20404
05.03.2026 19:20:00.000 UTC,5069.925,5072.015,5063.425,5069.735,0.21547
05.03.2026 19:25:00.000 UTC,5069.695,5070.545,5063.015,5066.585,0.18535
05.03.2026 19:30:00.000 UTC,5066.555,5066.715,5057.555,5060.395,0.20489
05.03.2026 19:35:00.000 UTC,5060.415,5063.345,5055.235,5060.188,0.38707
05.03.2026 19:40:00.000 UTC,5060.308,5066.865,5059.798,5065.255,0.42636
05.03.2026 19:45:00.000 UTC,5065.285,5069.575,5063.195,5067.005,0.20017
05.03.2026 19:50:00.000 UTC,5067.175,5070.155,5063.435,5065.545,0.19307
05.03.2026 19:55:00.000 UTC,5065.445,5067.725,5061.905,5065.895,0.21546
05.03.2026 20:00:00.000 UTC,5065.805,5069.305,5063.495,5067.795,0.29969
05.03.2026 20:05:00.000 UTC,5067.645,5070.425,5061.485,5066.925,0.25796
05.03.2026 20:10:00.000 UTC,5066.955,5079.515,5066.505,5078.715,0.27869
05.03.2026 20:15:00.000 UTC,5078.745,5094.545,5078.705,5090.515,0.40759
05.03.2026 20:20:00.000 UTC,5090.485,5092.155,5077.845,5080.345,0.2362
05.03.2026 20:25:00.000 UTC,5080.415,5086.225,5075.815,5080.255,0.26753
05.03.2026 20:30:00.000 UTC,5080.275,5082.255,5075.415,5076.325,0.38136
05.03.2026 20:35:00.000 UTC,5076.355,5081.315,5073.955,5078.285,0.36851
05.03.2026 20:40:00.000 UTC,5078.305,5081.775,5075.505,5080.305,0.23548
05.03.2026 20:45:00.000 UTC,5080.355,5081.445,5072.645,5079.185,0.27392
05.03.2026 20:50:00.000 UTC,5079.248,5081.205,5073.648,5076.605,0.38299
05.03.2026 20:55:00.000 UTC,5076.775,5081.035,5075.168,5076.405,0.33719
05.03.2026 21:00:00.000 UTC,5076.495,5080.505,5075.448,5079.198,0.09432
05.03.2026 21:05:00.000 UTC,5079.198,5083.818,5077.265,5077.965,0.07639
05.03.2026 21:10:00.000 UTC,5077.965,5078.255,5071.945,5076.205,0.06929
05.03.2026 21:15:00.000 UTC,5076.175,5079.845,5075.305,5077.535,0.04512
05.03.2026 21:20:00.000 UTC,5077.575,5079.695,5077.535,5079.635,0.02928
05.03.2026 21:25:00.000 UTC,5079.695,5081.385,5077.645,5080.595,0.02866
05.03.2026 21:30:00.000 UTC,5080.515,5082.375,5078.625,5082.055,0.03669
05.03.2026 21:35:00.000 UTC,5081.825,5081.825,5072.705,5076.315,0.04757
05.03.2026 21:40:00.000 UTC,5076.285,5076.285,5072.415,5075.315,0.0357
05.03.2026 21:45:00.000 UTC,5075.135,5077.865,5073.895,5077.245,0.05091
05.03.2026 21:50:00.000 UTC,5077.495,5084.765,5076.548,5084.535,0.03732
05.03.2026 21:55:00.000 UTC,5084.685,5084.755,5080.185,5083.175,0.05784
05.03.2026 23:00:00.000 UTC,5079.318,5089.798,5079.318,5089.098,0.01336
05.03.2026 23:05:00.000 UTC,5086.165,5090.298,5080.145,5084.698,0.0665
05.03.2026 23:10:00.000 UTC,5085.198,5088.495,5081.915,5085.935,0.03069
05.03.2026 23:15:00.000 UTC,5085.965,5096.415,5082.768,5095.475,0.10626
05.03.2026 23:20:00.000 UTC,5095.465,5096.105,5091.875,5092.195,0.07275
05.03.2026 23:25:00.000 UTC,5092.165,5095.595,5089.535,5091.055,0.05853
05.03.2026 23:30:00.000 UTC,5091.025,5092.295,5087.115,5087.805,0.0459
05.03.2026 23:35:00.000 UTC,5087.785,5095.795,5087.595,5095.685,0.04065
05.03.2026 23:40:00.000 UTC,5095.655,5101.705,5095.015,5100.755,0.05751
05.03.2026 23:45:00.000 UTC,5100.705,5100.705,5095.745,5098.845,0.04989
05.03.2026 23:50:00.000 UTC,5098.785,5099.325,5085.025,5089.275,0.09618
05.03.2026 23:55:00.000 UTC,5089.295,5091.625,5084.245,5085.885,0.06504